City	Country	Year
London	United Kingdom	1900.0
London	United Kingdom	1900.0
London	United Kingdom	1900.0
London	United Kingdom	1900.0
London	United Kingdom	1900.0
London	United Kingdom	1900.0
London	United Kingdom	1900.0
London	United Kingdom	1900.0
London	United Kingdom	1900.0
London	United Kingdom	1900.0
London	United Kingdom	1900.0
London	United Kingdom	1900.0
London	United Kingdom	1901.0
London	United Kingdom	1901.0
London	United Kingdom	1901.0
London	United Kingdom	1901.0
London	United Kingdom	1901.0
London	United Kingdom	1901.0
London	United Kingdom	1901.0
London	United Kingdom	1901.0
London	United Kingdom	1901.0
London	United Kingdom	1901.0
London	United Kingdom	1901.0
London	United Kingdom	1901.0
London	United Kingdom	1902.0
London	United Kingdom	1902.0
London	United Kingdom	1902.0
London	United Kingdom	1902.0
London	United Kingdom	1902.0
London	United Kingdom	1902.0
London	United Kingdom	1902.0
London	United Kingdom	1902.0
London	United Kingdom	1902.0
London	United Kingdom	1902.0
London	United Kingdom	1902.0
London	United Kingdom	1902.0
London	United Kingdom	1903.0
London	United Kingdom	1903.0
London	United Kingdom	1903.0
London	United Kingdom	1903.0
London	United Kingdom	1903.0
London	United Kingdom	1903.0
London	United Kingdom	1903.0
London	United Kingdom	1903.0
London	United Kingdom	1903.0
London	United Kingdom	1903.0
London	United Kingdom	1903.0
London	United Kingdom	1903.0
London	United Kingdom	1904.0
London	United Kingdom	1904.0
London	United Kingdom	1904.0
London	United Kingdom	1904.0
London	United Kingdom	1904.0
London	United Kingdom	1904.0
London	United Kingdom	1904.0
London	United Kingdom	1904.0
London	United Kingdom	1904.0
London	United Kingdom	1904.0
London	United Kingdom	1904.0
London	United Kingdom	1904.0
London	United Kingdom	1905.0
London	United Kingdom	1905.0
London	United Kingdom	1905.0
London	United Kingdom	1905.0
London	United Kingdom	1905.0
London	United Kingdom	1905.0
London	United Kingdom	1905.0
London	United Kingdom	1905.0
London	United Kingdom	1905.0
London	United Kingdom	1905.0
London	United Kingdom	1905.0
London	United Kingdom	1905.0
London	United Kingdom	1906.0
London	United Kingdom	1906.0
London	United Kingdom	1906.0
London	United Kingdom	1906.0
London	United Kingdom	1906.0
London	United Kingdom	1906.0
London	United Kingdom	1906.0
London	United Kingdom	1906.0
London	United Kingdom	1906.0
London	United Kingdom	1906.0
London	United Kingdom	1906.0
London	United Kingdom	1906.0
London	United Kingdom	1907.0
London	United Kingdom	1907.0
London	United Kingdom	1907.0
London	United Kingdom	1907.0
London	United Kingdom	1907.0
London	United Kingdom	1907.0
London	United Kingdom	1907.0
London	United Kingdom	1907.0
London	United Kingdom	1907.0
London	United Kingdom	1907.0
London	United Kingdom	1907.0
London	United Kingdom	1907.0
London	United Kingdom	1908.0
London	United Kingdom	1908.0
London	United Kingdom	1908.0
London	United Kingdom	1908.0
London	United Kingdom	1908.0
London	United Kingdom	1908.0
London	United Kingdom	1908.0
London	United Kingdom	1908.0
London	United Kingdom	1908.0
London	United Kingdom	1908.0
London	United Kingdom	1908.0
London	United Kingdom	1908.0
London	United Kingdom	1909.0
London	United Kingdom	1909.0
London	United Kingdom	1909.0
London	United Kingdom	1909.0
London	United Kingdom	1909.0
London	United Kingdom	1909.0
London	United Kingdom	1909.0
London	United Kingdom	1909.0
London	United Kingdom	1909.0
London	United Kingdom	1909.0
London	United Kingdom	1909.0
London	United Kingdom	1909.0
London	United Kingdom	1910.0
London	United Kingdom	1910.0
London	United Kingdom	1910.0
London	United Kingdom	1910.0
London	United Kingdom	1910.0
London	United Kingdom	1910.0
London	United Kingdom	1910.0
London	United Kingdom	1910.0
London	United Kingdom	1910.0
London	United Kingdom	1910.0
London	United Kingdom	1910.0
London	United Kingdom	1910.0
London	United Kingdom	1911.0
London	United Kingdom	1911.0
London	United Kingdom	1911.0
London	United Kingdom	1911.0
London	United Kingdom	1911.0
London	United Kingdom	1911.0
London	United Kingdom	1911.0
London	United Kingdom	1911.0
London	United Kingdom	1911.0
London	United Kingdom	1911.0
London	United Kingdom	1911.0
London	United Kingdom	1911.0
London	United Kingdom	1912.0
London	United Kingdom	1912.0
London	United Kingdom	1912.0
London	United Kingdom	1912.0
London	United Kingdom	1912.0
London	United Kingdom	1912.0
London	United Kingdom	1912.0
London	United Kingdom	1912.0
London	United Kingdom	1912.0
London	United Kingdom	1912.0
London	United Kingdom	1912.0
London	United Kingdom	1912.0
London	United Kingdom	1913.0
London	United Kingdom	1913.0
London	United Kingdom	1913.0
London	United Kingdom	1913.0
London	United Kingdom	1913.0
London	United Kingdom	1913.0
London	United Kingdom	1913.0
London	United Kingdom	1913.0
London	United Kingdom	1913.0
London	United Kingdom	1913.0
London	United Kingdom	1913.0
London	United Kingdom	1913.0
London	United Kingdom	1914.0
London	United Kingdom	1914.0
London	United Kingdom	1914.0
London	United Kingdom	1914.0
London	United Kingdom	1914.0
London	United Kingdom	1914.0
London	United Kingdom	1914.0
London	United Kingdom	1914.0
London	United Kingdom	1914.0
London	United Kingdom	1914.0
London	United Kingdom	1914.0
London	United Kingdom	1914.0
London	United Kingdom	1915.0
London	United Kingdom	1915.0
London	United Kingdom	1915.0
London	United Kingdom	1915.0
London	United Kingdom	1915.0
London	United Kingdom	1915.0
London	United Kingdom	1915.0
London	United Kingdom	1915.0
London	United Kingdom	1915.0
London	United Kingdom	1915.0
London	United Kingdom	1915.0
London	United Kingdom	1915.0
London	United Kingdom	1916.0
London	United Kingdom	1916.0
London	United Kingdom	1916.0
London	United Kingdom	1916.0
London	United Kingdom	1916.0
London	United Kingdom	1916.0
London	United Kingdom	1916.0
London	United Kingdom	1916.0
London	United Kingdom	1916.0
London	United Kingdom	1916.0
London	United Kingdom	1916.0
London	United Kingdom	1916.0
London	United Kingdom	1917.0
London	United Kingdom	1917.0
London	United Kingdom	1917.0
London	United Kingdom	1917.0
London	United Kingdom	1917.0
London	United Kingdom	1917.0
London	United Kingdom	1917.0
London	United Kingdom	1917.0
London	United Kingdom	1917.0
London	United Kingdom	1917.0
London	United Kingdom	1917.0
London	United Kingdom	1917.0
London	United Kingdom	1918.0
London	United Kingdom	1918.0
London	United Kingdom	1918.0
London	United Kingdom	1918.0
London	United Kingdom	1918.0
London	United Kingdom	1918.0
London	United Kingdom	1918.0
London	United Kingdom	1918.0
London	United Kingdom	1918.0
London	United Kingdom	1918.0
London	United Kingdom	1918.0
London	United Kingdom	1918.0
London	United Kingdom	1919.0
London	United Kingdom	1919.0
London	United Kingdom	1919.0
London	United Kingdom	1919.0
London	United Kingdom	1919.0
London	United Kingdom	1919.0
London	United Kingdom	1919.0
London	United Kingdom	1919.0
London	United Kingdom	1919.0
London	United Kingdom	1919.0
London	United Kingdom	1919.0
London	United Kingdom	1919.0
London	United Kingdom	1920.0
London	United Kingdom	1920.0
London	United Kingdom	1920.0
London	United Kingdom	1920.0
London	United Kingdom	1920.0
London	United Kingdom	1920.0
London	United Kingdom	1920.0
London	United Kingdom	1920.0
London	United Kingdom	1920.0
London	United Kingdom	1920.0
London	United Kingdom	1920.0
London	United Kingdom	1920.0
London	United Kingdom	1921.0
London	United Kingdom	1921.0
London	United Kingdom	1921.0
London	United Kingdom	1921.0
London	United Kingdom	1921.0
London	United Kingdom	1921.0
London	United Kingdom	1921.0
London	United Kingdom	1921.0
London	United Kingdom	1921.0
London	United Kingdom	1921.0
London	United Kingdom	1921.0
London	United Kingdom	1921.0
London	United Kingdom	1922.0
London	United Kingdom	1922.0
London	United Kingdom	1922.0
London	United Kingdom	1922.0
London	United Kingdom	1922.0
London	United Kingdom	1922.0
London	United Kingdom	1922.0
London	United Kingdom	1922.0
London	United Kingdom	1922.0
London	United Kingdom	1922.0
London	United Kingdom	1922.0
London	United Kingdom	1922.0
London	United Kingdom	1923.0
London	United Kingdom	1923.0
London	United Kingdom	1923.0
London	United Kingdom	1923.0
London	United Kingdom	1923.0
London	United Kingdom	1923.0
London	United Kingdom	1923.0
London	United Kingdom	1923.0
London	United Kingdom	1923.0
London	United Kingdom	1923.0
London	United Kingdom	1923.0
London	United Kingdom	1923.0
London	United Kingdom	1924.0
London	United Kingdom	1924.0
London	United Kingdom	1924.0
London	United Kingdom	1924.0
London	United Kingdom	1924.0
London	United Kingdom	1924.0
London	United Kingdom	1924.0
London	United Kingdom	1924.0
London	United Kingdom	1924.0
London	United Kingdom	1924.0
London	United Kingdom	1924.0
London	United Kingdom	1924.0
London	United Kingdom	1925.0
London	United Kingdom	1925.0
London	United Kingdom	1925.0
London	United Kingdom	1925.0
London	United Kingdom	1925.0
London	United Kingdom	1925.0
London	United Kingdom	1925.0
London	United Kingdom	1925.0
London	United Kingdom	1925.0
London	United Kingdom	1925.0
London	United Kingdom	1925.0
London	United Kingdom	1925.0
London	United Kingdom	1926.0
London	United Kingdom	1926.0
London	United Kingdom	1926.0
London	United Kingdom	1926.0
London	United Kingdom	1926.0
London	United Kingdom	1926.0
London	United Kingdom	1926.0
London	United Kingdom	1926.0
London	United Kingdom	1926.0
London	United Kingdom	1926.0
London	United Kingdom	1926.0
London	United Kingdom	1926.0
London	United Kingdom	1927.0
London	United Kingdom	1927.0
London	United Kingdom	1927.0
London	United Kingdom	1927.0
London	United Kingdom	1927.0
London	United Kingdom	1927.0
London	United Kingdom	1927.0
London	United Kingdom	1927.0
London	United Kingdom	1927.0
London	United Kingdom	1927.0
London	United Kingdom	1927.0
London	United Kingdom	1927.0
London	United Kingdom	1928.0
London	United Kingdom	1928.0
London	United Kingdom	1928.0
London	United Kingdom	1928.0
London	United Kingdom	1928.0
London	United Kingdom	1928.0
London	United Kingdom	1928.0
London	United Kingdom	1928.0
London	United Kingdom	1928.0
London	United Kingdom	1928.0
London	United Kingdom	1928.0
London	United Kingdom	1928.0
London	United Kingdom	1929.0
London	United Kingdom	1929.0
London	United Kingdom	1929.0
London	United Kingdom	1929.0
London	United Kingdom	1929.0
London	United Kingdom	1929.0
London	United Kingdom	1929.0
London	United Kingdom	1929.0
London	United Kingdom	1929.0
London	United Kingdom	1929.0
London	United Kingdom	1929.0
London	United Kingdom	1929.0
London	United Kingdom	1930.0
London	United Kingdom	1930.0
London	United Kingdom	1930.0
London	United Kingdom	1930.0
London	United Kingdom	1930.0
London	United Kingdom	1930.0
London	United Kingdom	1930.0
London	United Kingdom	1930.0
London	United Kingdom	1930.0
London	United Kingdom	1930.0
London	United Kingdom	1930.0
London	United Kingdom	1930.0
London	United Kingdom	1931.0
London	United Kingdom	1931.0
London	United Kingdom	1931.0
London	United Kingdom	1931.0
London	United Kingdom	1931.0
London	United Kingdom	1931.0
London	United Kingdom	1931.0
London	United Kingdom	1931.0
London	United Kingdom	1931.0
London	United Kingdom	1931.0
London	United Kingdom	1931.0
London	United Kingdom	1931.0
London	United Kingdom	1932.0
London	United Kingdom	1932.0
London	United Kingdom	1932.0
London	United Kingdom	1932.0
London	United Kingdom	1932.0
London	United Kingdom	1932.0
London	United Kingdom	1932.0
London	United Kingdom	1932.0
London	United Kingdom	1932.0
London	United Kingdom	1932.0
London	United Kingdom	1932.0
London	United Kingdom	1932.0
London	United Kingdom	1933.0
London	United Kingdom	1933.0
London	United Kingdom	1933.0
London	United Kingdom	1933.0
London	United Kingdom	1933.0
London	United Kingdom	1933.0
London	United Kingdom	1933.0
London	United Kingdom	1933.0
London	United Kingdom	1933.0
London	United Kingdom	1933.0
London	United Kingdom	1933.0
London	United Kingdom	1933.0
London	United Kingdom	1934.0
London	United Kingdom	1934.0
London	United Kingdom	1934.0
London	United Kingdom	1934.0
London	United Kingdom	1934.0
London	United Kingdom	1934.0
London	United Kingdom	1934.0
London	United Kingdom	1934.0
London	United Kingdom	1934.0
London	United Kingdom	1934.0
London	United Kingdom	1934.0
London	United Kingdom	1934.0
London	United Kingdom	1935.0
London	United Kingdom	1935.0
London	United Kingdom	1935.0
London	United Kingdom	1935.0
London	United Kingdom	1935.0
London	United Kingdom	1935.0
London	United Kingdom	1935.0
London	United Kingdom	1935.0
London	United Kingdom	1935.0
London	United Kingdom	1935.0
London	United Kingdom	1935.0
London	United Kingdom	1935.0
London	United Kingdom	1936.0
London	United Kingdom	1936.0
London	United Kingdom	1936.0
London	United Kingdom	1936.0
London	United Kingdom	1936.0
London	United Kingdom	1936.0
London	United Kingdom	1936.0
London	United Kingdom	1936.0
London	United Kingdom	1936.0
London	United Kingdom	1936.0
London	United Kingdom	1936.0
London	United Kingdom	1936.0
London	United Kingdom	1937.0
London	United Kingdom	1937.0
London	United Kingdom	1937.0
London	United Kingdom	1937.0
London	United Kingdom	1937.0
London	United Kingdom	1937.0
London	United Kingdom	1937.0
London	United Kingdom	1937.0
London	United Kingdom	1937.0
London	United Kingdom	1937.0
London	United Kingdom	1937.0
London	United Kingdom	1937.0
London	United Kingdom	1938.0
London	United Kingdom	1938.0
London	United Kingdom	1938.0
London	United Kingdom	1938.0
London	United Kingdom	1938.0
London	United Kingdom	1938.0
London	United Kingdom	1938.0
London	United Kingdom	1938.0
London	United Kingdom	1938.0
London	United Kingdom	1938.0
London	United Kingdom	1938.0
London	United Kingdom	1938.0
London	United Kingdom	1939.0
London	United Kingdom	1939.0
London	United Kingdom	1939.0
London	United Kingdom	1939.0
London	United Kingdom	1939.0
London	United Kingdom	1939.0
London	United Kingdom	1939.0
London	United Kingdom	1939.0
London	United Kingdom	1939.0
London	United Kingdom	1939.0
London	United Kingdom	1939.0
London	United Kingdom	1939.0
London	United Kingdom	1940.0
London	United Kingdom	1940.0
London	United Kingdom	1940.0
London	United Kingdom	1940.0
London	United Kingdom	1940.0
London	United Kingdom	1940.0
London	United Kingdom	1940.0
London	United Kingdom	1940.0
London	United Kingdom	1940.0
London	United Kingdom	1940.0
London	United Kingdom	1940.0
London	United Kingdom	1940.0
London	United Kingdom	1941.0
London	United Kingdom	1941.0
London	United Kingdom	1941.0
London	United Kingdom	1941.0
London	United Kingdom	1941.0
London	United Kingdom	1941.0
London	United Kingdom	1941.0
London	United Kingdom	1941.0
London	United Kingdom	1941.0
London	United Kingdom	1941.0
London	United Kingdom	1941.0
London	United Kingdom	1941.0
London	United Kingdom	1942.0
London	United Kingdom	1942.0
London	United Kingdom	1942.0
London	United Kingdom	1942.0
London	United Kingdom	1942.0
London	United Kingdom	1942.0
London	United Kingdom	1942.0
London	United Kingdom	1942.0
London	United Kingdom	1942.0
London	United Kingdom	1942.0
London	United Kingdom	1942.0
London	United Kingdom	1942.0
London	United Kingdom	1943.0
London	United Kingdom	1943.0
London	United Kingdom	1943.0
London	United Kingdom	1943.0
London	United Kingdom	1943.0
London	United Kingdom	1943.0
London	United Kingdom	1943.0
London	United Kingdom	1943.0
London	United Kingdom	1943.0
London	United Kingdom	1943.0
London	United Kingdom	1943.0
London	United Kingdom	1943.0
London	United Kingdom	1944.0
London	United Kingdom	1944.0
London	United Kingdom	1944.0
London	United Kingdom	1944.0
London	United Kingdom	1944.0
London	United Kingdom	1944.0
London	United Kingdom	1944.0
London	United Kingdom	1944.0
London	United Kingdom	1944.0
London	United Kingdom	1944.0
London	United Kingdom	1944.0
London	United Kingdom	1944.0
London	United Kingdom	1945.0
London	United Kingdom	1945.0
London	United Kingdom	1945.0
London	United Kingdom	1945.0
London	United Kingdom	1945.0
London	United Kingdom	1945.0
London	United Kingdom	1945.0
London	United Kingdom	1945.0
London	United Kingdom	1945.0
London	United Kingdom	1945.0
London	United Kingdom	1945.0
London	United Kingdom	1945.0
London	United Kingdom	1946.0
London	United Kingdom	1946.0
London	United Kingdom	1946.0
London	United Kingdom	1946.0
London	United Kingdom	1946.0
London	United Kingdom	1946.0
London	United Kingdom	1946.0
London	United Kingdom	1946.0
London	United Kingdom	1946.0
London	United Kingdom	1946.0
London	United Kingdom	1946.0
London	United Kingdom	1946.0
London	United Kingdom	1947.0
London	United Kingdom	1947.0
London	United Kingdom	1947.0
London	United Kingdom	1947.0
London	United Kingdom	1947.0
London	United Kingdom	1947.0
London	United Kingdom	1947.0
London	United Kingdom	1947.0
London	United Kingdom	1947.0
London	United Kingdom	1947.0
London	United Kingdom	1947.0
London	United Kingdom	1947.0
London	United Kingdom	1948.0
London	United Kingdom	1948.0
London	United Kingdom	1948.0
London	United Kingdom	1948.0
London	United Kingdom	1948.0
London	United Kingdom	1948.0
London	United Kingdom	1948.0
London	United Kingdom	1948.0
London	United Kingdom	1948.0
London	United Kingdom	1948.0
London	United Kingdom	1948.0
London	United Kingdom	1948.0
London	United Kingdom	1949.0
London	United Kingdom	1949.0
London	United Kingdom	1949.0
London	United Kingdom	1949.0
London	United Kingdom	1949.0
London	United Kingdom	1949.0
London	United Kingdom	1949.0
London	United Kingdom	1949.0
London	United Kingdom	1949.0
London	United Kingdom	1949.0
London	United Kingdom	1949.0
London	United Kingdom	1949.0
London	United Kingdom	1950.0
London	United Kingdom	1950.0
London	United Kingdom	1950.0
London	United Kingdom	1950.0
London	United Kingdom	1950.0
London	United Kingdom	1950.0
London	United Kingdom	1950.0
London	United Kingdom	1950.0
London	United Kingdom	1950.0
London	United Kingdom	1950.0
London	United Kingdom	1950.0
London	United Kingdom	1950.0
London	United Kingdom	1951.0
London	United Kingdom	1951.0
London	United Kingdom	1951.0
London	United Kingdom	1951.0
London	United Kingdom	1951.0
London	United Kingdom	1951.0
London	United Kingdom	1951.0
London	United Kingdom	1951.0
London	United Kingdom	1951.0
London	United Kingdom	1951.0
London	United Kingdom	1951.0
London	United Kingdom	1951.0
London	United Kingdom	1952.0
London	United Kingdom	1952.0
London	United Kingdom	1952.0
London	United Kingdom	1952.0
London	United Kingdom	1952.0
London	United Kingdom	1952.0
London	United Kingdom	1952.0
London	United Kingdom	1952.0
London	United Kingdom	1952.0
London	United Kingdom	1952.0
London	United Kingdom	1952.0
London	United Kingdom	1952.0
London	United Kingdom	1953.0
London	United Kingdom	1953.0
London	United Kingdom	1953.0
London	United Kingdom	1953.0
London	United Kingdom	1953.0
London	United Kingdom	1953.0
London	United Kingdom	1953.0
London	United Kingdom	1953.0
London	United Kingdom	1953.0
London	United Kingdom	1953.0
London	United Kingdom	1953.0
London	United Kingdom	1953.0
London	United Kingdom	1954.0
London	United Kingdom	1954.0
London	United Kingdom	1954.0
London	United Kingdom	1954.0
London	United Kingdom	1954.0
London	United Kingdom	1954.0
London	United Kingdom	1954.0
London	United Kingdom	1954.0
London	United Kingdom	1954.0
London	United Kingdom	1954.0
London	United Kingdom	1954.0
London	United Kingdom	1954.0
London	United Kingdom	1955.0
London	United Kingdom	1955.0
London	United Kingdom	1955.0
London	United Kingdom	1955.0
London	United Kingdom	1955.0
London	United Kingdom	1955.0
London	United Kingdom	1955.0
London	United Kingdom	1955.0
London	United Kingdom	1955.0
London	United Kingdom	1955.0
London	United Kingdom	1955.0
London	United Kingdom	1955.0
London	United Kingdom	1956.0
London	United Kingdom	1956.0
London	United Kingdom	1956.0
London	United Kingdom	1956.0
London	United Kingdom	1956.0
London	United Kingdom	1956.0
London	United Kingdom	1956.0
London	United Kingdom	1956.0
London	United Kingdom	1956.0
London	United Kingdom	1956.0
London	United Kingdom	1956.0
London	United Kingdom	1956.0
London	United Kingdom	1957.0
London	United Kingdom	1957.0
London	United Kingdom	1957.0
London	United Kingdom	1957.0
London	United Kingdom	1957.0
London	United Kingdom	1957.0
London	United Kingdom	1957.0
London	United Kingdom	1957.0
London	United Kingdom	1957.0
London	United Kingdom	1957.0
London	United Kingdom	1957.0
London	United Kingdom	1957.0
London	United Kingdom	1958.0
London	United Kingdom	1958.0
London	United Kingdom	1958.0
London	United Kingdom	1958.0
London	United Kingdom	1958.0
London	United Kingdom	1958.0
London	United Kingdom	1958.0
London	United Kingdom	1958.0
London	United Kingdom	1958.0
London	United Kingdom	1958.0
London	United Kingdom	1958.0
London	United Kingdom	1958.0
London	United Kingdom	1959.0
London	United Kingdom	1959.0
London	United Kingdom	1959.0
London	United Kingdom	1959.0
London	United Kingdom	1959.0
London	United Kingdom	1959.0
London	United Kingdom	1959.0
London	United Kingdom	1959.0
London	United Kingdom	1959.0
London	United Kingdom	1959.0
London	United Kingdom	1959.0
London	United Kingdom	1959.0
London	United Kingdom	1960.0
London	United Kingdom	1960.0
London	United Kingdom	1960.0
London	United Kingdom	1960.0
London	United Kingdom	1960.0
London	United Kingdom	1960.0
London	United Kingdom	1960.0
London	United Kingdom	1960.0
London	United Kingdom	1960.0
London	United Kingdom	1960.0
London	United Kingdom	1960.0
London	United Kingdom	1960.0
London	United Kingdom	1961.0
London	United Kingdom	1961.0
London	United Kingdom	1961.0
London	United Kingdom	1961.0
London	United Kingdom	1961.0
London	United Kingdom	1961.0
London	United Kingdom	1961.0
London	United Kingdom	1961.0
London	United Kingdom	1961.0
London	United Kingdom	1961.0
London	United Kingdom	1961.0
London	United Kingdom	1961.0
London	United Kingdom	1962.0
London	United Kingdom	1962.0
London	United Kingdom	1962.0
London	United Kingdom	1962.0
London	United Kingdom	1962.0
London	United Kingdom	1962.0
London	United Kingdom	1962.0
London	United Kingdom	1962.0
London	United Kingdom	1962.0
London	United Kingdom	1962.0
London	United Kingdom	1962.0
London	United Kingdom	1962.0
London	United Kingdom	1963.0
London	United Kingdom	1963.0
London	United Kingdom	1963.0
London	United Kingdom	1963.0
London	United Kingdom	1963.0
London	United Kingdom	1963.0
London	United Kingdom	1963.0
London	United Kingdom	1963.0
London	United Kingdom	1963.0
London	United Kingdom	1963.0
London	United Kingdom	1963.0
London	United Kingdom	1963.0
London	United Kingdom	1964.0
London	United Kingdom	1964.0
London	United Kingdom	1964.0
London	United Kingdom	1964.0
London	United Kingdom	1964.0
London	United Kingdom	1964.0
London	United Kingdom	1964.0
London	United Kingdom	1964.0
London	United Kingdom	1964.0
London	United Kingdom	1964.0
London	United Kingdom	1964.0
London	United Kingdom	1964.0
London	United Kingdom	1965.0
London	United Kingdom	1965.0
London	United Kingdom	1965.0
London	United Kingdom	1965.0
London	United Kingdom	1965.0
London	United Kingdom	1965.0
London	United Kingdom	1965.0
London	United Kingdom	1965.0
London	United Kingdom	1965.0
London	United Kingdom	1965.0
London	United Kingdom	1965.0
London	United Kingdom	1965.0
London	United Kingdom	1966.0
London	United Kingdom	1966.0
London	United Kingdom	1966.0
London	United Kingdom	1966.0
London	United Kingdom	1966.0
London	United Kingdom	1966.0
London	United Kingdom	1966.0
London	United Kingdom	1966.0
London	United Kingdom	1966.0
London	United Kingdom	1966.0
London	United Kingdom	1966.0
London	United Kingdom	1966.0
London	United Kingdom	1967.0
London	United Kingdom	1967.0
London	United Kingdom	1967.0
London	United Kingdom	1967.0
London	United Kingdom	1967.0
London	United Kingdom	1967.0
London	United Kingdom	1967.0
London	United Kingdom	1967.0
London	United Kingdom	1967.0
London	United Kingdom	1967.0
London	United Kingdom	1967.0
London	United Kingdom	1967.0
London	United Kingdom	1968.0
London	United Kingdom	1968.0
London	United Kingdom	1968.0
London	United Kingdom	1968.0
London	United Kingdom	1968.0
London	United Kingdom	1968.0
London	United Kingdom	1968.0
London	United Kingdom	1968.0
London	United Kingdom	1968.0
London	United Kingdom	1968.0
London	United Kingdom	1968.0
London	United Kingdom	1968.0
London	United Kingdom	1969.0
London	United Kingdom	1969.0
London	United Kingdom	1969.0
London	United Kingdom	1969.0
London	United Kingdom	1969.0
London	United Kingdom	1969.0
London	United Kingdom	1969.0
London	United Kingdom	1969.0
London	United Kingdom	1969.0
London	United Kingdom	1969.0
London	United Kingdom	1969.0
London	United Kingdom	1969.0
London	United Kingdom	1970.0
London	United Kingdom	1970.0
London	United Kingdom	1970.0
London	United Kingdom	1970.0
London	United Kingdom	1970.0
London	United Kingdom	1970.0
London	United Kingdom	1970.0
London	United Kingdom	1970.0
London	United Kingdom	1970.0
London	United Kingdom	1970.0
London	United Kingdom	1970.0
London	United Kingdom	1970.0
London	United Kingdom	1971.0
London	United Kingdom	1971.0
London	United Kingdom	1971.0
London	United Kingdom	1971.0
London	United Kingdom	1971.0
London	United Kingdom	1971.0
London	United Kingdom	1971.0
London	United Kingdom	1971.0
London	United Kingdom	1971.0
London	United Kingdom	1971.0
London	United Kingdom	1971.0
London	United Kingdom	1971.0
London	United Kingdom	1972.0
London	United Kingdom	1972.0
London	United Kingdom	1972.0
London	United Kingdom	1972.0
London	United Kingdom	1972.0
London	United Kingdom	1972.0
London	United Kingdom	1972.0
London	United Kingdom	1972.0
London	United Kingdom	1972.0
London	United Kingdom	1972.0
London	United Kingdom	1972.0
London	United Kingdom	1972.0
London	United Kingdom	1973.0
London	United Kingdom	1973.0
London	United Kingdom	1973.0
London	United Kingdom	1973.0
London	United Kingdom	1973.0
London	United Kingdom	1973.0
London	United Kingdom	1973.0
London	United Kingdom	1973.0
London	United Kingdom	1973.0
London	United Kingdom	1973.0
London	United Kingdom	1973.0
London	United Kingdom	1973.0
London	United Kingdom	1974.0
London	United Kingdom	1974.0
London	United Kingdom	1974.0
London	United Kingdom	1974.0
London	United Kingdom	1974.0
London	United Kingdom	1974.0
London	United Kingdom	1974.0
London	United Kingdom	1974.0
London	United Kingdom	1974.0
London	United Kingdom	1974.0
London	United Kingdom	1974.0
London	United Kingdom	1974.0
London	United Kingdom	1975.0
London	United Kingdom	1975.0
London	United Kingdom	1975.0
London	United Kingdom	1975.0
London	United Kingdom	1975.0
London	United Kingdom	1975.0
London	United Kingdom	1975.0
London	United Kingdom	1975.0
London	United Kingdom	1975.0
London	United Kingdom	1975.0
London	United Kingdom	1975.0
London	United Kingdom	1975.0
London	United Kingdom	1976.0
London	United Kingdom	1976.0
London	United Kingdom	1976.0
London	United Kingdom	1976.0
London	United Kingdom	1976.0
London	United Kingdom	1976.0
London	United Kingdom	1976.0
London	United Kingdom	1976.0
London	United Kingdom	1976.0
London	United Kingdom	1976.0
London	United Kingdom	1976.0
London	United Kingdom	1976.0
London	United Kingdom	1977.0
London	United Kingdom	1977.0
London	United Kingdom	1977.0
London	United Kingdom	1977.0
London	United Kingdom	1977.0
London	United Kingdom	1977.0
London	United Kingdom	1977.0
London	United Kingdom	1977.0
London	United Kingdom	1977.0
London	United Kingdom	1977.0
London	United Kingdom	1977.0
London	United Kingdom	1977.0
London	United Kingdom	1978.0
London	United Kingdom	1978.0
London	United Kingdom	1978.0
London	United Kingdom	1978.0
London	United Kingdom	1978.0
London	United Kingdom	1978.0
London	United Kingdom	1978.0
London	United Kingdom	1978.0
London	United Kingdom	1978.0
London	United Kingdom	1978.0
London	United Kingdom	1978.0
London	United Kingdom	1978.0
London	United Kingdom	1979.0
London	United Kingdom	1979.0
London	United Kingdom	1979.0
London	United Kingdom	1979.0
London	United Kingdom	1979.0
London	United Kingdom	1979.0
London	United Kingdom	1979.0
London	United Kingdom	1979.0
London	United Kingdom	1979.0
London	United Kingdom	1979.0
London	United Kingdom	1979.0
London	United Kingdom	1979.0
London	United Kingdom	1980.0
London	United Kingdom	1980.0
London	United Kingdom	1980.0
London	United Kingdom	1980.0
London	United Kingdom	1980.0
London	United Kingdom	1980.0
London	United Kingdom	1980.0
London	United Kingdom	1980.0
London	United Kingdom	1980.0
London	United Kingdom	1980.0
London	United Kingdom	1980.0
London	United Kingdom	1980.0
London	United Kingdom	1981.0
London	United Kingdom	1981.0
London	United Kingdom	1981.0
London	United Kingdom	1981.0
London	United Kingdom	1981.0
London	United Kingdom	1981.0
London	United Kingdom	1981.0
London	United Kingdom	1981.0
London	United Kingdom	1981.0
London	United Kingdom	1981.0
London	United Kingdom	1981.0
London	United Kingdom	1981.0
London	United Kingdom	1982.0
London	United Kingdom	1982.0
London	United Kingdom	1982.0
London	United Kingdom	1982.0
London	United Kingdom	1982.0
London	United Kingdom	1982.0
London	United Kingdom	1982.0
London	United Kingdom	1982.0
London	United Kingdom	1982.0
London	United Kingdom	1982.0
London	United Kingdom	1982.0
London	United Kingdom	1982.0
London	United Kingdom	1983.0
London	United Kingdom	1983.0
London	United Kingdom	1983.0
London	United Kingdom	1983.0
London	United Kingdom	1983.0
London	United Kingdom	1983.0
London	United Kingdom	1983.0
London	United Kingdom	1983.0
London	United Kingdom	1983.0
London	United Kingdom	1983.0
London	United Kingdom	1983.0
London	United Kingdom	1983.0
London	United Kingdom	1984.0
London	United Kingdom	1984.0
London	United Kingdom	1984.0
London	United Kingdom	1984.0
London	United Kingdom	1984.0
London	United Kingdom	1984.0
London	United Kingdom	1984.0
London	United Kingdom	1984.0
London	United Kingdom	1984.0
London	United Kingdom	1984.0
London	United Kingdom	1984.0
London	United Kingdom	1984.0
London	United Kingdom	1985.0
London	United Kingdom	1985.0
London	United Kingdom	1985.0
London	United Kingdom	1985.0
London	United Kingdom	1985.0
London	United Kingdom	1985.0
London	United Kingdom	1985.0
London	United Kingdom	1985.0
London	United Kingdom	1985.0
London	United Kingdom	1985.0
London	United Kingdom	1985.0
London	United Kingdom	1985.0
London	United Kingdom	1986.0
London	United Kingdom	1986.0
London	United Kingdom	1986.0
London	United Kingdom	1986.0
London	United Kingdom	1986.0
London	United Kingdom	1986.0
London	United Kingdom	1986.0
London	United Kingdom	1986.0
London	United Kingdom	1986.0
London	United Kingdom	1986.0
London	United Kingdom	1986.0
London	United Kingdom	1986.0
London	United Kingdom	1987.0
London	United Kingdom	1987.0
London	United Kingdom	1987.0
London	United Kingdom	1987.0
London	United Kingdom	1987.0
London	United Kingdom	1987.0
London	United Kingdom	1987.0
London	United Kingdom	1987.0
London	United Kingdom	1987.0
London	United Kingdom	1987.0
London	United Kingdom	1987.0
London	United Kingdom	1987.0
London	United Kingdom	1988.0
London	United Kingdom	1988.0
London	United Kingdom	1988.0
London	United Kingdom	1988.0
London	United Kingdom	1988.0
London	United Kingdom	1988.0
London	United Kingdom	1988.0
London	United Kingdom	1988.0
London	United Kingdom	1988.0
London	United Kingdom	1988.0
London	United Kingdom	1988.0
London	United Kingdom	1988.0
London	United Kingdom	1989.0
London	United Kingdom	1989.0
London	United Kingdom	1989.0
London	United Kingdom	1989.0
London	United Kingdom	1989.0
London	United Kingdom	1989.0
London	United Kingdom	1989.0
London	United Kingdom	1989.0
London	United Kingdom	1989.0
London	United Kingdom	1989.0
London	United Kingdom	1989.0
London	United Kingdom	1989.0
London	United Kingdom	1990.0
London	United Kingdom	1990.0
London	United Kingdom	1990.0
London	United Kingdom	1990.0
London	United Kingdom	1990.0
London	United Kingdom	1990.0
London	United Kingdom	1990.0
London	United Kingdom	1990.0
London	United Kingdom	1990.0
London	United Kingdom	1990.0
London	United Kingdom	1990.0
London	United Kingdom	1990.0
London	United Kingdom	1991.0
London	United Kingdom	1991.0
London	United Kingdom	1991.0
London	United Kingdom	1991.0
London	United Kingdom	1991.0
London	United Kingdom	1991.0
London	United Kingdom	1991.0
London	United Kingdom	1991.0
London	United Kingdom	1991.0
London	United Kingdom	1991.0
London	United Kingdom	1991.0
London	United Kingdom	1991.0
London	United Kingdom	1992.0
London	United Kingdom	1992.0
London	United Kingdom	1992.0
London	United Kingdom	1992.0
London	United Kingdom	1992.0
London	United Kingdom	1992.0
London	United Kingdom	1992.0
London	United Kingdom	1992.0
London	United Kingdom	1992.0
London	United Kingdom	1992.0
London	United Kingdom	1992.0
London	United Kingdom	1992.0
London	United Kingdom	1993.0
London	United Kingdom	1993.0
London	United Kingdom	1993.0
London	United Kingdom	1993.0
London	United Kingdom	1993.0
London	United Kingdom	1993.0
London	United Kingdom	1993.0
London	United Kingdom	1993.0
London	United Kingdom	1993.0
London	United Kingdom	1993.0
London	United Kingdom	1993.0
London	United Kingdom	1993.0
London	United Kingdom	1994.0
London	United Kingdom	1994.0
London	United Kingdom	1994.0
London	United Kingdom	1994.0
London	United Kingdom	1994.0
London	United Kingdom	1994.0
London	United Kingdom	1994.0
London	United Kingdom	1994.0
London	United Kingdom	1994.0
London	United Kingdom	1994.0
London	United Kingdom	1994.0
London	United Kingdom	1994.0
London	United Kingdom	1995.0
London	United Kingdom	1995.0
London	United Kingdom	1995.0
London	United Kingdom	1995.0
London	United Kingdom	1995.0
London	United Kingdom	1995.0
London	United Kingdom	1995.0
London	United Kingdom	1995.0
London	United Kingdom	1995.0
London	United Kingdom	1995.0
London	United Kingdom	1995.0
London	United Kingdom	1995.0
London	United Kingdom	1996.0
London	United Kingdom	1996.0
London	United Kingdom	1996.0
London	United Kingdom	1996.0
London	United Kingdom	1996.0
London	United Kingdom	1996.0
London	United Kingdom	1996.0
London	United Kingdom	1996.0
London	United Kingdom	1996.0
London	United Kingdom	1996.0
London	United Kingdom	1996.0
London	United Kingdom	1996.0
London	United Kingdom	1997.0
London	United Kingdom	1997.0
London	United Kingdom	1997.0
London	United Kingdom	1997.0
London	United Kingdom	1997.0
London	United Kingdom	1997.0
London	United Kingdom	1997.0
London	United Kingdom	1997.0
London	United Kingdom	1997.0
London	United Kingdom	1997.0
London	United Kingdom	1997.0
London	United Kingdom	1997.0
London	United Kingdom	1998.0
London	United Kingdom	1998.0
London	United Kingdom	1998.0
London	United Kingdom	1998.0
London	United Kingdom	1998.0
London	United Kingdom	1998.0
London	United Kingdom	1998.0
London	United Kingdom	1998.0
London	United Kingdom	1998.0
London	United Kingdom	1998.0
London	United Kingdom	1998.0
London	United Kingdom	1998.0
London	United Kingdom	1999.0
London	United Kingdom	1999.0
London	United Kingdom	1999.0
London	United Kingdom	1999.0
London	United Kingdom	1999.0
London	United Kingdom	1999.0
London	United Kingdom	1999.0
London	United Kingdom	1999.0
London	United Kingdom	1999.0
London	United Kingdom	1999.0
London	United Kingdom	1999.0
London	United Kingdom	1999.0
London	United Kingdom	2000.0
London	United Kingdom	2000.0
London	United Kingdom	2000.0
London	United Kingdom	2000.0
London	United Kingdom	2000.0
London	United Kingdom	2000.0
London	United Kingdom	2000.0
London	United Kingdom	2000.0
London	United Kingdom	2000.0
London	United Kingdom	2000.0
London	United Kingdom	2000.0
London	United Kingdom	2000.0
London	United Kingdom	2001.0
London	United Kingdom	2001.0
London	United Kingdom	2001.0
London	United Kingdom	2001.0
London	United Kingdom	2001.0
London	United Kingdom	2001.0
London	United Kingdom	2001.0
London	United Kingdom	2001.0
London	United Kingdom	2001.0
London	United Kingdom	2001.0
London	United Kingdom	2001.0
London	United Kingdom	2001.0
London	United Kingdom	2002.0
London	United Kingdom	2002.0
London	United Kingdom	2002.0
London	United Kingdom	2002.0
London	United Kingdom	2002.0
London	United Kingdom	2002.0
London	United Kingdom	2002.0
London	United Kingdom	2002.0
London	United Kingdom	2002.0
London	United Kingdom	2002.0
London	United Kingdom	2002.0
London	United Kingdom	2002.0
London	United Kingdom	2003.0
London	United Kingdom	2003.0
London	United Kingdom	2003.0
London	United Kingdom	2003.0
London	United Kingdom	2003.0
London	United Kingdom	2003.0
London	United Kingdom	2003.0
London	United Kingdom	2003.0
London	United Kingdom	2003.0
London	United Kingdom	2003.0
London	United Kingdom	2003.0
London	United Kingdom	2003.0
London	United Kingdom	2004.0
London	United Kingdom	2004.0
London	United Kingdom	2004.0
London	United Kingdom	2004.0
London	United Kingdom	2004.0
London	United Kingdom	2004.0
London	United Kingdom	2004.0
London	United Kingdom	2004.0
London	United Kingdom	2004.0
London	United Kingdom	2004.0
London	United Kingdom	2004.0
London	United Kingdom	2004.0
London	United Kingdom	2005.0
London	United Kingdom	2005.0
London	United Kingdom	2005.0
London	United Kingdom	2005.0
London	United Kingdom	2005.0
London	United Kingdom	2005.0
London	United Kingdom	2005.0
London	United Kingdom	2005.0
London	United Kingdom	2005.0
London	United Kingdom	2005.0
London	United Kingdom	2005.0
London	United Kingdom	2005.0
London	United Kingdom	2006.0
London	United Kingdom	2006.0
London	United Kingdom	2006.0
London	United Kingdom	2006.0
London	United Kingdom	2006.0
London	United Kingdom	2006.0
London	United Kingdom	2006.0
London	United Kingdom	2006.0
London	United Kingdom	2006.0
London	United Kingdom	2006.0
London	United Kingdom	2006.0
London	United Kingdom	2006.0
London	United Kingdom	2007.0
London	United Kingdom	2007.0
London	United Kingdom	2007.0
London	United Kingdom	2007.0
London	United Kingdom	2007.0
London	United Kingdom	2007.0
London	United Kingdom	2007.0
London	United Kingdom	2007.0
London	United Kingdom	2007.0
London	United Kingdom	2007.0
London	United Kingdom	2007.0
London	United Kingdom	2007.0
London	United Kingdom	2008.0
London	United Kingdom	2008.0
London	United Kingdom	2008.0
London	United Kingdom	2008.0
London	United Kingdom	2008.0
London	United Kingdom	2008.0
London	United Kingdom	2008.0
London	United Kingdom	2008.0
London	United Kingdom	2008.0
London	United Kingdom	2008.0
London	United Kingdom	2008.0
London	United Kingdom	2008.0
London	United Kingdom	2009.0
London	United Kingdom	2009.0
London	United Kingdom	2009.0
London	United Kingdom	2009.0
London	United Kingdom	2009.0
London	United Kingdom	2009.0
London	United Kingdom	2009.0
London	United Kingdom	2009.0
London	United Kingdom	2009.0
London	United Kingdom	2009.0
London	United Kingdom	2009.0
London	United Kingdom	2009.0
London	United Kingdom	2010.0
London	United Kingdom	2010.0
London	United Kingdom	2010.0
London	United Kingdom	2010.0
London	United Kingdom	2010.0
London	United Kingdom	2010.0
London	United Kingdom	2010.0
London	United Kingdom	2010.0
London	United Kingdom	2010.0
London	United Kingdom	2010.0
London	United Kingdom	2010.0
London	United Kingdom	2010.0
London	United Kingdom	2011.0
London	United Kingdom	2011.0
London	United Kingdom	2011.0
London	United Kingdom	2011.0
London	United Kingdom	2011.0
London	United Kingdom	2011.0
London	United Kingdom	2011.0
London	United Kingdom	2011.0
London	United Kingdom	2011.0
London	United Kingdom	2011.0
London	United Kingdom	2011.0
London	United Kingdom	2011.0
London	United Kingdom	2012.0
London	United Kingdom	2012.0
London	United Kingdom	2012.0
London	United Kingdom	2012.0
London	United Kingdom	2012.0
London	United Kingdom	2012.0
London	United Kingdom	2012.0
London	United Kingdom	2012.0
London	United Kingdom	2012.0
London	United Kingdom	2012.0
London	United Kingdom	2012.0
London	United Kingdom	2012.0
London	United Kingdom	2013.0
London	United Kingdom	2013.0
London	United Kingdom	2013.0
London	United Kingdom	2013.0
London	United Kingdom	2013.0
London	United Kingdom	2013.0
London	United Kingdom	2013.0
London	United Kingdom	2013.0
		
		
New York	United States	1900.0
New York	United States	1900.0
New York	United States	1900.0
New York	United States	1900.0
New York	United States	1900.0
New York	United States	1900.0
New York	United States	1900.0
New York	United States	1900.0
New York	United States	1900.0
New York	United States	1900.0
New York	United States	1900.0
New York	United States	1900.0
New York	United States	1901.0
New York	United States	1901.0
New York	United States	1901.0
New York	United States	1901.0
New York	United States	1901.0
New York	United States	1901.0
New York	United States	1901.0
New York	United States	1901.0
New York	United States	1901.0
New York	United States	1901.0
New York	United States	1901.0
New York	United States	1901.0
New York	United States	1902.0
New York	United States	1902.0
New York	United States	1902.0
New York	United States	1902.0
New York	United States	1902.0
New York	United States	1902.0
New York	United States	1902.0
New York	United States	1902.0
New York	United States	1902.0
New York	United States	1902.0
New York	United States	1902.0
New York	United States	1902.0
New York	United States	1903.0
New York	United States	1903.0
New York	United States	1903.0
New York	United States	1903.0
New York	United States	1903.0
New York	United States	1903.0
New York	United States	1903.0
New York	United States	1903.0
New York	United States	1903.0
New York	United States	1903.0
New York	United States	1903.0
New York	United States	1903.0
New York	United States	1904.0
New York	United States	1904.0
New York	United States	1904.0
New York	United States	1904.0
New York	United States	1904.0
New York	United States	1904.0
New York	United States	1904.0
New York	United States	1904.0
New York	United States	1904.0
New York	United States	1904.0
New York	United States	1904.0
New York	United States	1904.0
New York	United States	1905.0
New York	United States	1905.0
New York	United States	1905.0
New York	United States	1905.0
New York	United States	1905.0
New York	United States	1905.0
New York	United States	1905.0
New York	United States	1905.0
New York	United States	1905.0
New York	United States	1905.0
New York	United States	1905.0
New York	United States	1905.0
New York	United States	1906.0
New York	United States	1906.0
New York	United States	1906.0
New York	United States	1906.0
New York	United States	1906.0
New York	United States	1906.0
New York	United States	1906.0
New York	United States	1906.0
New York	United States	1906.0
New York	United States	1906.0
New York	United States	1906.0
New York	United States	1906.0
New York	United States	1907.0
New York	United States	1907.0
New York	United States	1907.0
New York	United States	1907.0
New York	United States	1907.0
New York	United States	1907.0
New York	United States	1907.0
New York	United States	1907.0
New York	United States	1907.0
New York	United States	1907.0
New York	United States	1907.0
New York	United States	1907.0
New York	United States	1908.0
New York	United States	1908.0
New York	United States	1908.0
New York	United States	1908.0
New York	United States	1908.0
New York	United States	1908.0
New York	United States	1908.0
New York	United States	1908.0
New York	United States	1908.0
New York	United States	1908.0
New York	United States	1908.0
New York	United States	1908.0
New York	United States	1909.0
New York	United States	1909.0
New York	United States	1909.0
New York	United States	1909.0
New York	United States	1909.0
New York	United States	1909.0
New York	United States	1909.0
New York	United States	1909.0
New York	United States	1909.0
New York	United States	1909.0
New York	United States	1909.0
New York	United States	1909.0
New York	United States	1910.0
New York	United States	1910.0
New York	United States	1910.0
New York	United States	1910.0
New York	United States	1910.0
New York	United States	1910.0
New York	United States	1910.0
New York	United States	1910.0
New York	United States	1910.0
New York	United States	1910.0
New York	United States	1910.0
New York	United States	1910.0
New York	United States	1911.0
New York	United States	1911.0
New York	United States	1911.0
New York	United States	1911.0
New York	United States	1911.0
New York	United States	1911.0
New York	United States	1911.0
New York	United States	1911.0
New York	United States	1911.0
New York	United States	1911.0
New York	United States	1911.0
New York	United States	1911.0
New York	United States	1912.0
New York	United States	1912.0
New York	United States	1912.0
New York	United States	1912.0
New York	United States	1912.0
New York	United States	1912.0
New York	United States	1912.0
New York	United States	1912.0
New York	United States	1912.0
New York	United States	1912.0
New York	United States	1912.0
New York	United States	1912.0
New York	United States	1913.0
New York	United States	1913.0
New York	United States	1913.0
New York	United States	1913.0
New York	United States	1913.0
New York	United States	1913.0
New York	United States	1913.0
New York	United States	1913.0
New York	United States	1913.0
New York	United States	1913.0
New York	United States	1913.0
New York	United States	1913.0
New York	United States	1914.0
New York	United States	1914.0
New York	United States	1914.0
New York	United States	1914.0
New York	United States	1914.0
New York	United States	1914.0
New York	United States	1914.0
New York	United States	1914.0
New York	United States	1914.0
New York	United States	1914.0
New York	United States	1914.0
New York	United States	1914.0
New York	United States	1915.0
New York	United States	1915.0
New York	United States	1915.0
New York	United States	1915.0
New York	United States	1915.0
New York	United States	1915.0
New York	United States	1915.0
New York	United States	1915.0
New York	United States	1915.0
New York	United States	1915.0
New York	United States	1915.0
New York	United States	1915.0
New York	United States	1916.0
New York	United States	1916.0
New York	United States	1916.0
New York	United States	1916.0
New York	United States	1916.0
New York	United States	1916.0
New York	United States	1916.0
New York	United States	1916.0
New York	United States	1916.0
New York	United States	1916.0
New York	United States	1916.0
New York	United States	1916.0
New York	United States	1917.0
New York	United States	1917.0
New York	United States	1917.0
New York	United States	1917.0
New York	United States	1917.0
New York	United States	1917.0
New York	United States	1917.0
New York	United States	1917.0
New York	United States	1917.0
New York	United States	1917.0
New York	United States	1917.0
New York	United States	1917.0
New York	United States	1918.0
New York	United States	1918.0
New York	United States	1918.0
New York	United States	1918.0
New York	United States	1918.0
New York	United States	1918.0
New York	United States	1918.0
New York	United States	1918.0
New York	United States	1918.0
New York	United States	1918.0
New York	United States	1918.0
New York	United States	1918.0
New York	United States	1919.0
New York	United States	1919.0
New York	United States	1919.0
New York	United States	1919.0
New York	United States	1919.0
New York	United States	1919.0
New York	United States	1919.0
New York	United States	1919.0
New York	United States	1919.0
New York	United States	1919.0
New York	United States	1919.0
New York	United States	1919.0
New York	United States	1920.0
New York	United States	1920.0
New York	United States	1920.0
New York	United States	1920.0
New York	United States	1920.0
New York	United States	1920.0
New York	United States	1920.0
New York	United States	1920.0
New York	United States	1920.0
New York	United States	1920.0
New York	United States	1920.0
New York	United States	1920.0
New York	United States	1921.0
New York	United States	1921.0
New York	United States	1921.0
New York	United States	1921.0
New York	United States	1921.0
New York	United States	1921.0
New York	United States	1921.0
New York	United States	1921.0
New York	United States	1921.0
New York	United States	1921.0
New York	United States	1921.0
New York	United States	1921.0
New York	United States	1922.0
New York	United States	1922.0
New York	United States	1922.0
New York	United States	1922.0
New York	United States	1922.0
New York	United States	1922.0
New York	United States	1922.0
New York	United States	1922.0
New York	United States	1922.0
New York	United States	1922.0
New York	United States	1922.0
New York	United States	1922.0
New York	United States	1923.0
New York	United States	1923.0
New York	United States	1923.0
New York	United States	1923.0
New York	United States	1923.0
New York	United States	1923.0
New York	United States	1923.0
New York	United States	1923.0
New York	United States	1923.0
New York	United States	1923.0
New York	United States	1923.0
New York	United States	1923.0
New York	United States	1924.0
New York	United States	1924.0
New York	United States	1924.0
New York	United States	1924.0
New York	United States	1924.0
New York	United States	1924.0
New York	United States	1924.0
New York	United States	1924.0
New York	United States	1924.0
New York	United States	1924.0
New York	United States	1924.0
New York	United States	1924.0
New York	United States	1925.0
New York	United States	1925.0
New York	United States	1925.0
New York	United States	1925.0
New York	United States	1925.0
New York	United States	1925.0
New York	United States	1925.0
New York	United States	1925.0
New York	United States	1925.0
New York	United States	1925.0
New York	United States	1925.0
New York	United States	1925.0
New York	United States	1926.0
New York	United States	1926.0
New York	United States	1926.0
New York	United States	1926.0
New York	United States	1926.0
New York	United States	1926.0
New York	United States	1926.0
New York	United States	1926.0
New York	United States	1926.0
New York	United States	1926.0
New York	United States	1926.0
New York	United States	1926.0
New York	United States	1927.0
New York	United States	1927.0
New York	United States	1927.0
New York	United States	1927.0
New York	United States	1927.0
New York	United States	1927.0
New York	United States	1927.0
New York	United States	1927.0
New York	United States	1927.0
New York	United States	1927.0
New York	United States	1927.0
New York	United States	1927.0
New York	United States	1928.0
New York	United States	1928.0
New York	United States	1928.0
New York	United States	1928.0
New York	United States	1928.0
New York	United States	1928.0
New York	United States	1928.0
New York	United States	1928.0
New York	United States	1928.0
New York	United States	1928.0
New York	United States	1928.0
New York	United States	1928.0
New York	United States	1929.0
New York	United States	1929.0
New York	United States	1929.0
New York	United States	1929.0
New York	United States	1929.0
New York	United States	1929.0
New York	United States	1929.0
New York	United States	1929.0
New York	United States	1929.0
New York	United States	1929.0
New York	United States	1929.0
New York	United States	1929.0
New York	United States	1930.0
New York	United States	1930.0
New York	United States	1930.0
New York	United States	1930.0
New York	United States	1930.0
New York	United States	1930.0
New York	United States	1930.0
New York	United States	1930.0
New York	United States	1930.0
New York	United States	1930.0
New York	United States	1930.0
New York	United States	1930.0
New York	United States	1931.0
New York	United States	1931.0
New York	United States	1931.0
New York	United States	1931.0
New York	United States	1931.0
New York	United States	1931.0
New York	United States	1931.0
New York	United States	1931.0
New York	United States	1931.0
New York	United States	1931.0
New York	United States	1931.0
New York	United States	1931.0
New York	United States	1932.0
New York	United States	1932.0
New York	United States	1932.0
New York	United States	1932.0
New York	United States	1932.0
New York	United States	1932.0
New York	United States	1932.0
New York	United States	1932.0
New York	United States	1932.0
New York	United States	1932.0
New York	United States	1932.0
New York	United States	1932.0
New York	United States	1933.0
New York	United States	1933.0
New York	United States	1933.0
New York	United States	1933.0
New York	United States	1933.0
New York	United States	1933.0
New York	United States	1933.0
New York	United States	1933.0
New York	United States	1933.0
New York	United States	1933.0
New York	United States	1933.0
New York	United States	1933.0
New York	United States	1934.0
New York	United States	1934.0
New York	United States	1934.0
New York	United States	1934.0
New York	United States	1934.0
New York	United States	1934.0
New York	United States	1934.0
New York	United States	1934.0
New York	United States	1934.0
New York	United States	1934.0
New York	United States	1934.0
New York	United States	1934.0
New York	United States	1935.0
New York	United States	1935.0
New York	United States	1935.0
New York	United States	1935.0
New York	United States	1935.0
New York	United States	1935.0
New York	United States	1935.0
New York	United States	1935.0
New York	United States	1935.0
New York	United States	1935.0
New York	United States	1935.0
New York	United States	1935.0
New York	United States	1936.0
New York	United States	1936.0
New York	United States	1936.0
New York	United States	1936.0
New York	United States	1936.0
New York	United States	1936.0
New York	United States	1936.0
New York	United States	1936.0
New York	United States	1936.0
New York	United States	1936.0
New York	United States	1936.0
New York	United States	1936.0
New York	United States	1937.0
New York	United States	1937.0
New York	United States	1937.0
New York	United States	1937.0
New York	United States	1937.0
New York	United States	1937.0
New York	United States	1937.0
New York	United States	1937.0
New York	United States	1937.0
New York	United States	1937.0
New York	United States	1937.0
New York	United States	1937.0
New York	United States	1938.0
New York	United States	1938.0
New York	United States	1938.0
New York	United States	1938.0
New York	United States	1938.0
New York	United States	1938.0
New York	United States	1938.0
New York	United States	1938.0
New York	United States	1938.0
New York	United States	1938.0
New York	United States	1938.0
New York	United States	1938.0
New York	United States	1939.0
New York	United States	1939.0
New York	United States	1939.0
New York	United States	1939.0
New York	United States	1939.0
New York	United States	1939.0
New York	United States	1939.0
New York	United States	1939.0
New York	United States	1939.0
New York	United States	1939.0
New York	United States	1939.0
New York	United States	1939.0
New York	United States	1940.0
New York	United States	1940.0
New York	United States	1940.0
New York	United States	1940.0
New York	United States	1940.0
New York	United States	1940.0
New York	United States	1940.0
New York	United States	1940.0
New York	United States	1940.0
New York	United States	1940.0
New York	United States	1940.0
New York	United States	1940.0
New York	United States	1941.0
New York	United States	1941.0
New York	United States	1941.0
New York	United States	1941.0
New York	United States	1941.0
New York	United States	1941.0
New York	United States	1941.0
New York	United States	1941.0
New York	United States	1941.0
New York	United States	1941.0
New York	United States	1941.0
New York	United States	1941.0
New York	United States	1942.0
New York	United States	1942.0
New York	United States	1942.0
New York	United States	1942.0
New York	United States	1942.0
New York	United States	1942.0
New York	United States	1942.0
New York	United States	1942.0
New York	United States	1942.0
New York	United States	1942.0
New York	United States	1942.0
New York	United States	1942.0
New York	United States	1943.0
New York	United States	1943.0
New York	United States	1943.0
New York	United States	1943.0
New York	United States	1943.0
New York	United States	1943.0
New York	United States	1943.0
New York	United States	1943.0
New York	United States	1943.0
New York	United States	1943.0
New York	United States	1943.0
New York	United States	1943.0
New York	United States	1944.0
New York	United States	1944.0
New York	United States	1944.0
New York	United States	1944.0
New York	United States	1944.0
New York	United States	1944.0
New York	United States	1944.0
New York	United States	1944.0
New York	United States	1944.0
New York	United States	1944.0
New York	United States	1944.0
New York	United States	1944.0
New York	United States	1945.0
New York	United States	1945.0
New York	United States	1945.0
New York	United States	1945.0
New York	United States	1945.0
New York	United States	1945.0
New York	United States	1945.0
New York	United States	1945.0
New York	United States	1945.0
New York	United States	1945.0
New York	United States	1945.0
New York	United States	1945.0
New York	United States	1946.0
New York	United States	1946.0
New York	United States	1946.0
New York	United States	1946.0
New York	United States	1946.0
New York	United States	1946.0
New York	United States	1946.0
New York	United States	1946.0
New York	United States	1946.0
New York	United States	1946.0
New York	United States	1946.0
New York	United States	1946.0
New York	United States	1947.0
New York	United States	1947.0
New York	United States	1947.0
New York	United States	1947.0
New York	United States	1947.0
New York	United States	1947.0
New York	United States	1947.0
New York	United States	1947.0
New York	United States	1947.0
New York	United States	1947.0
New York	United States	1947.0
New York	United States	1947.0
New York	United States	1948.0
New York	United States	1948.0
New York	United States	1948.0
New York	United States	1948.0
New York	United States	1948.0
New York	United States	1948.0
New York	United States	1948.0
New York	United States	1948.0
New York	United States	1948.0
New York	United States	1948.0
New York	United States	1948.0
New York	United States	1948.0
New York	United States	1949.0
New York	United States	1949.0
New York	United States	1949.0
New York	United States	1949.0
New York	United States	1949.0
New York	United States	1949.0
New York	United States	1949.0
New York	United States	1949.0
New York	United States	1949.0
New York	United States	1949.0
New York	United States	1949.0
New York	United States	1949.0
New York	United States	1950.0
New York	United States	1950.0
New York	United States	1950.0
New York	United States	1950.0
New York	United States	1950.0
New York	United States	1950.0
New York	United States	1950.0
New York	United States	1950.0
New York	United States	1950.0
New York	United States	1950.0
New York	United States	1950.0
New York	United States	1950.0
New York	United States	1951.0
New York	United States	1951.0
New York	United States	1951.0
New York	United States	1951.0
New York	United States	1951.0
New York	United States	1951.0
New York	United States	1951.0
New York	United States	1951.0
New York	United States	1951.0
New York	United States	1951.0
New York	United States	1951.0
New York	United States	1951.0
New York	United States	1952.0
New York	United States	1952.0
New York	United States	1952.0
New York	United States	1952.0
New York	United States	1952.0
New York	United States	1952.0
New York	United States	1952.0
New York	United States	1952.0
New York	United States	1952.0
New York	United States	1952.0
New York	United States	1952.0
New York	United States	1952.0
New York	United States	1953.0
New York	United States	1953.0
New York	United States	1953.0
New York	United States	1953.0
New York	United States	1953.0
New York	United States	1953.0
New York	United States	1953.0
New York	United States	1953.0
New York	United States	1953.0
New York	United States	1953.0
New York	United States	1953.0
New York	United States	1953.0
New York	United States	1954.0
New York	United States	1954.0
New York	United States	1954.0
New York	United States	1954.0
New York	United States	1954.0
New York	United States	1954.0
New York	United States	1954.0
New York	United States	1954.0
New York	United States	1954.0
New York	United States	1954.0
New York	United States	1954.0
New York	United States	1954.0
New York	United States	1955.0
New York	United States	1955.0
New York	United States	1955.0
New York	United States	1955.0
New York	United States	1955.0
New York	United States	1955.0
New York	United States	1955.0
New York	United States	1955.0
New York	United States	1955.0
New York	United States	1955.0
New York	United States	1955.0
New York	United States	1955.0
New York	United States	1956.0
New York	United States	1956.0
New York	United States	1956.0
New York	United States	1956.0
New York	United States	1956.0
New York	United States	1956.0
New York	United States	1956.0
New York	United States	1956.0
New York	United States	1956.0
New York	United States	1956.0
New York	United States	1956.0
New York	United States	1956.0
New York	United States	1957.0
New York	United States	1957.0
New York	United States	1957.0
New York	United States	1957.0
New York	United States	1957.0
New York	United States	1957.0
New York	United States	1957.0
New York	United States	1957.0
New York	United States	1957.0
New York	United States	1957.0
New York	United States	1957.0
New York	United States	1957.0
New York	United States	1958.0
New York	United States	1958.0
New York	United States	1958.0
New York	United States	1958.0
New York	United States	1958.0
New York	United States	1958.0
New York	United States	1958.0
New York	United States	1958.0
New York	United States	1958.0
New York	United States	1958.0
New York	United States	1958.0
New York	United States	1958.0
New York	United States	1959.0
New York	United States	1959.0
New York	United States	1959.0
New York	United States	1959.0
New York	United States	1959.0
New York	United States	1959.0
New York	United States	1959.0
New York	United States	1959.0
New York	United States	1959.0
New York	United States	1959.0
New York	United States	1959.0
New York	United States	1959.0
New York	United States	1960.0
New York	United States	1960.0
New York	United States	1960.0
New York	United States	1960.0
New York	United States	1960.0
New York	United States	1960.0
New York	United States	1960.0
New York	United States	1960.0
New York	United States	1960.0
New York	United States	1960.0
New York	United States	1960.0
New York	United States	1960.0
New York	United States	1961.0
New York	United States	1961.0
New York	United States	1961.0
New York	United States	1961.0
New York	United States	1961.0
New York	United States	1961.0
New York	United States	1961.0
New York	United States	1961.0
New York	United States	1961.0
New York	United States	1961.0
New York	United States	1961.0
New York	United States	1961.0
New York	United States	1962.0
New York	United States	1962.0
New York	United States	1962.0
New York	United States	1962.0
New York	United States	1962.0
New York	United States	1962.0
New York	United States	1962.0
New York	United States	1962.0
New York	United States	1962.0
New York	United States	1962.0
New York	United States	1962.0
New York	United States	1962.0
New York	United States	1963.0
New York	United States	1963.0
New York	United States	1963.0
New York	United States	1963.0
New York	United States	1963.0
New York	United States	1963.0
New York	United States	1963.0
New York	United States	1963.0
New York	United States	1963.0
New York	United States	1963.0
New York	United States	1963.0
New York	United States	1963.0
New York	United States	1964.0
New York	United States	1964.0
New York	United States	1964.0
New York	United States	1964.0
New York	United States	1964.0
New York	United States	1964.0
New York	United States	1964.0
New York	United States	1964.0
New York	United States	1964.0
New York	United States	1964.0
New York	United States	1964.0
New York	United States	1964.0
New York	United States	1965.0
New York	United States	1965.0
New York	United States	1965.0
New York	United States	1965.0
New York	United States	1965.0
New York	United States	1965.0
New York	United States	1965.0
New York	United States	1965.0
New York	United States	1965.0
New York	United States	1965.0
New York	United States	1965.0
New York	United States	1965.0
New York	United States	1966.0
New York	United States	1966.0
New York	United States	1966.0
New York	United States	1966.0
New York	United States	1966.0
New York	United States	1966.0
New York	United States	1966.0
New York	United States	1966.0
New York	United States	1966.0
New York	United States	1966.0
New York	United States	1966.0
New York	United States	1966.0
New York	United States	1967.0
New York	United States	1967.0
New York	United States	1967.0
New York	United States	1967.0
New York	United States	1967.0
New York	United States	1967.0
New York	United States	1967.0
New York	United States	1967.0
New York	United States	1967.0
New York	United States	1967.0
New York	United States	1967.0
New York	United States	1967.0
New York	United States	1968.0
New York	United States	1968.0
New York	United States	1968.0
New York	United States	1968.0
New York	United States	1968.0
New York	United States	1968.0
New York	United States	1968.0
New York	United States	1968.0
New York	United States	1968.0
New York	United States	1968.0
New York	United States	1968.0
New York	United States	1968.0
New York	United States	1969.0
New York	United States	1969.0
New York	United States	1969.0
New York	United States	1969.0
New York	United States	1969.0
New York	United States	1969.0
New York	United States	1969.0
New York	United States	1969.0
New York	United States	1969.0
New York	United States	1969.0
New York	United States	1969.0
New York	United States	1969.0
New York	United States	1970.0
New York	United States	1970.0
New York	United States	1970.0
New York	United States	1970.0
New York	United States	1970.0
New York	United States	1970.0
New York	United States	1970.0
New York	United States	1970.0
New York	United States	1970.0
New York	United States	1970.0
New York	United States	1970.0
New York	United States	1970.0
New York	United States	1971.0
New York	United States	1971.0
New York	United States	1971.0
New York	United States	1971.0
New York	United States	1971.0
New York	United States	1971.0
New York	United States	1971.0
New York	United States	1971.0
New York	United States	1971.0
New York	United States	1971.0
New York	United States	1971.0
New York	United States	1971.0
New York	United States	1972.0
New York	United States	1972.0
New York	United States	1972.0
New York	United States	1972.0
New York	United States	1972.0
New York	United States	1972.0
New York	United States	1972.0
New York	United States	1972.0
New York	United States	1972.0
New York	United States	1972.0
New York	United States	1972.0
New York	United States	1972.0
New York	United States	1973.0
New York	United States	1973.0
New York	United States	1973.0
New York	United States	1973.0
New York	United States	1973.0
New York	United States	1973.0
New York	United States	1973.0
New York	United States	1973.0
New York	United States	1973.0
New York	United States	1973.0
New York	United States	1973.0
New York	United States	1973.0
New York	United States	1974.0
New York	United States	1974.0
New York	United States	1974.0
New York	United States	1974.0
New York	United States	1974.0
New York	United States	1974.0
New York	United States	1974.0
New York	United States	1974.0
New York	United States	1974.0
New York	United States	1974.0
New York	United States	1974.0
New York	United States	1974.0
New York	United States	1975.0
New York	United States	1975.0
New York	United States	1975.0
New York	United States	1975.0
New York	United States	1975.0
New York	United States	1975.0
New York	United States	1975.0
New York	United States	1975.0
New York	United States	1975.0
New York	United States	1975.0
New York	United States	1975.0
New York	United States	1975.0
New York	United States	1976.0
New York	United States	1976.0
New York	United States	1976.0
New York	United States	1976.0
New York	United States	1976.0
New York	United States	1976.0
New York	United States	1976.0
New York	United States	1976.0
New York	United States	1976.0
New York	United States	1976.0
New York	United States	1976.0
New York	United States	1976.0
New York	United States	1977.0
New York	United States	1977.0
New York	United States	1977.0
New York	United States	1977.0
New York	United States	1977.0
New York	United States	1977.0
New York	United States	1977.0
New York	United States	1977.0
New York	United States	1977.0
New York	United States	1977.0
New York	United States	1977.0
New York	United States	1977.0
New York	United States	1978.0
New York	United States	1978.0
New York	United States	1978.0
New York	United States	1978.0
New York	United States	1978.0
New York	United States	1978.0
New York	United States	1978.0
New York	United States	1978.0
New York	United States	1978.0
New York	United States	1978.0
New York	United States	1978.0
New York	United States	1978.0
New York	United States	1979.0
New York	United States	1979.0
New York	United States	1979.0
New York	United States	1979.0
New York	United States	1979.0
New York	United States	1979.0
New York	United States	1979.0
New York	United States	1979.0
New York	United States	1979.0
New York	United States	1979.0
New York	United States	1979.0
New York	United States	1979.0
New York	United States	1980.0
New York	United States	1980.0
New York	United States	1980.0
New York	United States	1980.0
New York	United States	1980.0
New York	United States	1980.0
New York	United States	1980.0
New York	United States	1980.0
New York	United States	1980.0
New York	United States	1980.0
New York	United States	1980.0
New York	United States	1980.0
New York	United States	1981.0
New York	United States	1981.0
New York	United States	1981.0
New York	United States	1981.0
New York	United States	1981.0
New York	United States	1981.0
New York	United States	1981.0
New York	United States	1981.0
New York	United States	1981.0
New York	United States	1981.0
New York	United States	1981.0
New York	United States	1981.0
New York	United States	1982.0
New York	United States	1982.0
New York	United States	1982.0
New York	United States	1982.0
New York	United States	1982.0
New York	United States	1982.0
New York	United States	1982.0
New York	United States	1982.0
New York	United States	1982.0
New York	United States	1982.0
New York	United States	1982.0
New York	United States	1982.0
New York	United States	1983.0
New York	United States	1983.0
New York	United States	1983.0
New York	United States	1983.0
New York	United States	1983.0
New York	United States	1983.0
New York	United States	1983.0
New York	United States	1983.0
New York	United States	1983.0
New York	United States	1983.0
New York	United States	1983.0
New York	United States	1983.0
New York	United States	1984.0
New York	United States	1984.0
New York	United States	1984.0
New York	United States	1984.0
New York	United States	1984.0
New York	United States	1984.0
New York	United States	1984.0
New York	United States	1984.0
New York	United States	1984.0
New York	United States	1984.0
New York	United States	1984.0
New York	United States	1984.0
New York	United States	1985.0
New York	United States	1985.0
New York	United States	1985.0
New York	United States	1985.0
New York	United States	1985.0
New York	United States	1985.0
New York	United States	1985.0
New York	United States	1985.0
New York	United States	1985.0
New York	United States	1985.0
New York	United States	1985.0
New York	United States	1985.0
New York	United States	1986.0
New York	United States	1986.0
New York	United States	1986.0
New York	United States	1986.0
New York	United States	1986.0
New York	United States	1986.0
New York	United States	1986.0
New York	United States	1986.0
New York	United States	1986.0
New York	United States	1986.0
New York	United States	1986.0
New York	United States	1986.0
New York	United States	1987.0
New York	United States	1987.0
New York	United States	1987.0
New York	United States	1987.0
New York	United States	1987.0
New York	United States	1987.0
New York	United States	1987.0
New York	United States	1987.0
New York	United States	1987.0
New York	United States	1987.0
New York	United States	1987.0
New York	United States	1987.0
New York	United States	1988.0
New York	United States	1988.0
New York	United States	1988.0
New York	United States	1988.0
New York	United States	1988.0
New York	United States	1988.0
New York	United States	1988.0
New York	United States	1988.0
New York	United States	1988.0
New York	United States	1988.0
New York	United States	1988.0
New York	United States	1988.0
New York	United States	1989.0
New York	United States	1989.0
New York	United States	1989.0
New York	United States	1989.0
New York	United States	1989.0
New York	United States	1989.0
New York	United States	1989.0
New York	United States	1989.0
New York	United States	1989.0
New York	United States	1989.0
New York	United States	1989.0
New York	United States	1989.0
New York	United States	1990.0
New York	United States	1990.0
New York	United States	1990.0
New York	United States	1990.0
New York	United States	1990.0
New York	United States	1990.0
New York	United States	1990.0
New York	United States	1990.0
New York	United States	1990.0
New York	United States	1990.0
New York	United States	1990.0
New York	United States	1990.0
New York	United States	1991.0
New York	United States	1991.0
New York	United States	1991.0
New York	United States	1991.0
New York	United States	1991.0
New York	United States	1991.0
New York	United States	1991.0
New York	United States	1991.0
New York	United States	1991.0
New York	United States	1991.0
New York	United States	1991.0
New York	United States	1991.0
New York	United States	1992.0
New York	United States	1992.0
New York	United States	1992.0
New York	United States	1992.0
New York	United States	1992.0
New York	United States	1992.0
New York	United States	1992.0
New York	United States	1992.0
New York	United States	1992.0
New York	United States	1992.0
New York	United States	1992.0
New York	United States	1992.0
New York	United States	1993.0
New York	United States	1993.0
New York	United States	1993.0
New York	United States	1993.0
New York	United States	1993.0
New York	United States	1993.0
New York	United States	1993.0
New York	United States	1993.0
New York	United States	1993.0
New York	United States	1993.0
New York	United States	1993.0
New York	United States	1993.0
New York	United States	1994.0
New York	United States	1994.0
New York	United States	1994.0
New York	United States	1994.0
New York	United States	1994.0
New York	United States	1994.0
New York	United States	1994.0
New York	United States	1994.0
New York	United States	1994.0
New York	United States	1994.0
New York	United States	1994.0
New York	United States	1994.0
New York	United States	1995.0
New York	United States	1995.0
New York	United States	1995.0
New York	United States	1995.0
New York	United States	1995.0
New York	United States	1995.0
New York	United States	1995.0
New York	United States	1995.0
New York	United States	1995.0
New York	United States	1995.0
New York	United States	1995.0
New York	United States	1995.0
New York	United States	1996.0
New York	United States	1996.0
New York	United States	1996.0
New York	United States	1996.0
New York	United States	1996.0
New York	United States	1996.0
New York	United States	1996.0
New York	United States	1996.0
New York	United States	1996.0
New York	United States	1996.0
New York	United States	1996.0
New York	United States	1996.0
New York	United States	1997.0
New York	United States	1997.0
New York	United States	1997.0
New York	United States	1997.0
New York	United States	1997.0
New York	United States	1997.0
New York	United States	1997.0
New York	United States	1997.0
New York	United States	1997.0
New York	United States	1997.0
New York	United States	1997.0
New York	United States	1997.0
New York	United States	1998.0
New York	United States	1998.0
New York	United States	1998.0
New York	United States	1998.0
New York	United States	1998.0
New York	United States	1998.0
New York	United States	1998.0
New York	United States	1998.0
New York	United States	1998.0
New York	United States	1998.0
New York	United States	1998.0
New York	United States	1998.0
New York	United States	1999.0
New York	United States	1999.0
New York	United States	1999.0
New York	United States	1999.0
New York	United States	1999.0
New York	United States	1999.0
New York	United States	1999.0
New York	United States	1999.0
New York	United States	1999.0
New York	United States	1999.0
New York	United States	1999.0
New York	United States	1999.0
New York	United States	2000.0
New York	United States	2000.0
New York	United States	2000.0
New York	United States	2000.0
New York	United States	2000.0
New York	United States	2000.0
New York	United States	2000.0
New York	United States	2000.0
New York	United States	2000.0
New York	United States	2000.0
New York	United States	2000.0
New York	United States	2000.0
New York	United States	2001.0
New York	United States	2001.0
New York	United States	2001.0
New York	United States	2001.0
New York	United States	2001.0
New York	United States	2001.0
New York	United States	2001.0
New York	United States	2001.0
New York	United States	2001.0
New York	United States	2001.0
New York	United States	2001.0
New York	United States	2001.0
New York	United States	2002.0
New York	United States	2002.0
New York	United States	2002.0
New York	United States	2002.0
New York	United States	2002.0
New York	United States	2002.0
New York	United States	2002.0
New York	United States	2002.0
New York	United States	2002.0
New York	United States	2002.0
New York	United States	2002.0
New York	United States	2002.0
New York	United States	2003.0
New York	United States	2003.0
New York	United States	2003.0
New York	United States	2003.0
New York	United States	2003.0
New York	United States	2003.0
New York	United States	2003.0
New York	United States	2003.0
New York	United States	2003.0
New York	United States	2003.0
New York	United States	2003.0
New York	United States	2003.0
New York	United States	2004.0
New York	United States	2004.0
New York	United States	2004.0
New York	United States	2004.0
New York	United States	2004.0
New York	United States	2004.0
New York	United States	2004.0
New York	United States	2004.0
New York	United States	2004.0
New York	United States	2004.0
New York	United States	2004.0
New York	United States	2004.0
New York	United States	2005.0
New York	United States	2005.0
New York	United States	2005.0
New York	United States	2005.0
New York	United States	2005.0
New York	United States	2005.0
New York	United States	2005.0
New York	United States	2005.0
New York	United States	2005.0
New York	United States	2005.0
New York	United States	2005.0
New York	United States	2005.0
New York	United States	2006.0
New York	United States	2006.0
New York	United States	2006.0
New York	United States	2006.0
New York	United States	2006.0
New York	United States	2006.0
New York	United States	2006.0
New York	United States	2006.0
New York	United States	2006.0
New York	United States	2006.0
New York	United States	2006.0
New York	United States	2006.0
New York	United States	2007.0
New York	United States	2007.0
New York	United States	2007.0
New York	United States	2007.0
New York	United States	2007.0
New York	United States	2007.0
New York	United States	2007.0
New York	United States	2007.0
New York	United States	2007.0
New York	United States	2007.0
New York	United States	2007.0
New York	United States	2007.0
New York	United States	2008.0
New York	United States	2008.0
New York	United States	2008.0
New York	United States	2008.0
New York	United States	2008.0
New York	United States	2008.0
New York	United States	2008.0
New York	United States	2008.0
New York	United States	2008.0
New York	United States	2008.0
New York	United States	2008.0
New York	United States	2008.0
New York	United States	2009.0
New York	United States	2009.0
New York	United States	2009.0
New York	United States	2009.0
New York	United States	2009.0
New York	United States	2009.0
New York	United States	2009.0
New York	United States	2009.0
New York	United States	2009.0
New York	United States	2009.0
New York	United States	2009.0
New York	United States	2009.0
New York	United States	2010.0
New York	United States	2010.0
New York	United States	2010.0
New York	United States	2010.0
New York	United States	2010.0
New York	United States	2010.0
New York	United States	2010.0
New York	United States	2010.0
New York	United States	2010.0
New York	United States	2010.0
New York	United States	2010.0
New York	United States	2010.0
New York	United States	2011.0
New York	United States	2011.0
New York	United States	2011.0
New York	United States	2011.0
New York	United States	2011.0
New York	United States	2011.0
New York	United States	2011.0
New York	United States	2011.0
New York	United States	2011.0
New York	United States	2011.0
New York	United States	2011.0
New York	United States	2011.0
New York	United States	2012.0
New York	United States	2012.0
New York	United States	2012.0
New York	United States	2012.0
New York	United States	2012.0
New York	United States	2012.0
New York	United States	2012.0
New York	United States	2012.0
New York	United States	2012.0
New York	United States	2012.0
New York	United States	2012.0
New York	United States	2012.0
New York	United States	2013.0
New York	United States	2013.0
New York	United States	2013.0
New York	United States	2013.0
New York	United States	2013.0
New York	United States	2013.0
New York	United States	2013.0
New York	United States	2013.0
New York	United States	2013.0
